,TL,TM,TR,ML,MM,MR,BL,BM,BR,class
0,1,1,1,1,-1,-1,1,-1,-1,
1,1,1,1,1,-1,-1,-1,1,-1,
2,1,1,1,1,-1,-1,-1,-1,1,
3,1,1,1,1,-1,-1,-1,0,0,
4,1,1,1,1,-1,-1,0,-1,0,
5,1,1,1,1,-1,-1,0,0,-1,
6,1,1,1,1,-1,0,-1,-1,0,
7,1,1,1,1,-1,0,-1,0,-1,
8,1,1,1,1,-1,0,0,-1,-1,
9,1,1,1,1,0,-1,-1,-1,0,
10,1,1,1,1,0,-1,-1,0,-1,
11,1,1,1,1,0,-1,0,-1,-1,
12,1,1,1,-1,1,-1,1,-1,-1,
13,1,1,1,-1,1,-1,-1,1,-1,
14,1,1,1,-1,1,-1,-1,-1,1,
15,1,1,1,-1,1,-1,-1,0,0,
16,1,1,1,-1,1,-1,0,-1,0,
17,1,1,1,-1,1,-1,0,0,-1,
18,1,1,1,-1,1,0,-1,-1,0,
19,1,1,1,-1,1,0,-1,0,-1,
20,1,1,1,-1,1,0,0,-1,-1,
21,1,1,1,-1,-1,1,1,-1,-1,
22,1,1,1,-1,-1,1,-1,1,-1,
23,1,1,1,-1,-1,1,-1,-1,1,
24,1,1,1,-1,-1,1,-1,0,0,
25,1,1,1,-1,-1,1,0,-1,0,
26,1,1,1,-1,-1,1,0,0,-1,
27,1,1,1,-1,-1,0,1,-1,0,
28,1,1,1,-1,-1,0,1,0,-1,
29,1,1,1,-1,-1,0,-1,1,0,
30,1,1,1,-1,-1,0,-1,0,1,
31,1,1,1,-1,-1,0,0,1,-1,
32,1,1,1,-1,-1,0,0,-1,1,
33,1,1,1,-1,-1,0,0,0,0,
34,1,1,1,-1,0,1,-1,-1,0,
35,1,1,1,-1,0,1,-1,0,-1,
36,1,1,1,-1,0,1,0,-1,-1,
37,1,1,1,-1,0,-1,1,-1,0,
38,1,1,1,-1,0,-1,1,0,-1,
39,1,1,1,-1,0,-1,-1,1,0,
40,1,1,1,-1,0,-1,-1,0,1,
41,1,1,1,-1,0,-1,0,1,-1,
42,1,1,1,-1,0,-1,0,-1,1,
43,1,1,1,-1,0,-1,0,0,0,
44,1,1,1,-1,0,0,1,-1,-1,
45,1,1,1,-1,0,0,-1,1,-1,
46,1,1,1,-1,0,0,-1,-1,1,
47,1,1,1,-1,0,0,-1,0,0,
48,1,1,1,-1,0,0,0,-1,0,
49,1,1,1,-1,0,0,0,0,-1,
50,1,1,1,0,1,-1,-1,-1,0,
51,1,1,1,0,1,-1,-1,0,-1,
52,1,1,1,0,1,-1,0,-1,-1,
53,1,1,1,0,-1,1,-1,-1,0,
54,1,1,1,0,-1,1,-1,0,-1,
55,1,1,1,0,-1,1,0,-1,-1,
56,1,1,1,0,-1,-1,1,-1,0,
57,1,1,1,0,-1,-1,1,0,-1,
58,1,1,1,0,-1,-1,-1,1,0,
59,1,1,1,0,-1,-1,-1,0,1,
60,1,1,1,0,-1,-1,0,1,-1,
61,1,1,1,0,-1,-1,0,-1,1,
62,1,1,1,0,-1,-1,0,0,0,
63,1,1,1,0,-1,0,1,-1,-1,
64,1,1,1,0,-1,0,-1,1,-1,
65,1,1,1,0,-1,0,-1,-1,1,
66,1,1,1,0,-1,0,-1,0,0,
67,1,1,1,0,-1,0,0,-1,0,
68,1,1,1,0,-1,0,0,0,-1,
69,1,1,1,0,0,-1,1,-1,-1,
70,1,1,1,0,0,-1,-1,1,-1,
71,1,1,1,0,0,-1,-1,-1,1,
72,1,1,1,0,0,-1,-1,0,0,
73,1,1,1,0,0,-1,0,-1,0,
74,1,1,1,0,0,-1,0,0,-1,
75,1,1,1,0,0,0,-1,-1,0,
76,1,1,1,0,0,0,-1,0,-1,
77,1,1,1,0,0,0,0,-1,-1,
78,1,1,-1,1,1,-1,-1,-1,1,
79,1,1,-1,1,-1,1,1,-1,-1,
80,1,1,-1,1,-1,-1,1,-1,1,
81,1,1,-1,1,-1,-1,1,0,0,
82,1,1,-1,1,-1,0,1,-1,0,
83,1,1,-1,1,-1,0,1,0,-1,
84,1,1,-1,1,0,-1,1,-1,0,
85,1,1,-1,1,0,0,1,-1,-1,
86,1,1,-1,-1,1,1,-1,1,-1,
87,1,1,-1,-1,1,1,-1,-1,1,
88,1,1,-1,-1,1,-1,1,-1,1,
89,1,1,-1,-1,1,-1,-1,1,1,
90,1,1,-1,-1,1,-1,0,1,0,
91,1,1,-1,-1,1,-1,0,0,1,
92,1,1,-1,-1,1,0,-1,1,0,
93,1,1,-1,-1,1,0,-1,0,1,
94,1,1,-1,-1,1,0,0,1,-1,
95,1,1,-1,-1,1,0,0,-1,1,
96,1,1,-1,0,1,-1,-1,1,0,
97,1,1,-1,0,1,-1,-1,0,1,
98,1,1,-1,0,1,-1,0,-1,1,
99,1,1,-1,0,1,0,-1,1,-1,
100,1,1,-1,0,1,0,-1,-1,1,
101,1,1,0,1,-1,-1,1,-1,0,
102,1,1,0,1,-1,-1,1,0,-1,
103,1,1,0,1,-1,0,1,-1,-1,
104,1,1,0,1,0,-1,1,-1,-1,
105,1,1,0,-1,1,-1,-1,1,0,
106,1,1,0,-1,1,-1,-1,0,1,
107,1,1,0,-1,1,-1,0,1,-1,
108,1,1,0,-1,1,-1,0,-1,1,
109,1,1,0,-1,1,0,-1,1,-1,
110,1,1,0,-1,1,0,-1,-1,1,
111,1,1,0,0,1,-1,-1,1,-1,
112,1,1,0,0,1,-1,-1,-1,1,
113,1,-1,1,1,1,-1,1,-1,-1,
114,1,-1,1,1,1,-1,-1,-1,1,
115,1,-1,1,1,-1,-1,1,1,-1,
116,1,-1,1,1,-1,-1,1,0,0,
117,1,-1,1,1,-1,0,1,0,-1,
118,1,-1,1,1,0,-1,1,-1,0,
119,1,-1,1,1,0,-1,1,0,-1,
120,1,-1,1,1,0,0,1,-1,-1,
121,1,-1,1,-1,1,1,1,-1,-1,
122,1,-1,1,-1,1,1,-1,-1,1,
123,1,-1,1,-1,1,-1,1,1,-1,
124,1,-1,1,-1,1,-1,1,-1,1,
125,1,-1,1,-1,1,-1,1,0,0,
126,1,-1,1,-1,1,-1,-1,1,1,
127,1,-1,1,-1,1,-1,0,0,1,
128,1,-1,1,-1,1,0,1,-1,0,
129,1,-1,1,-1,1,0,1,0,-1,
130,1,-1,1,-1,1,0,-1,0,1,
131,1,-1,1,-1,1,0,0,-1,1,
132,1,-1,1,-1,-1,1,-1,1,1,
133,1,-1,1,-1,-1,1,0,0,1,
134,1,-1,1,-1,0,1,-1,0,1,
135,1,-1,1,-1,0,1,0,-1,1,
136,1,-1,1,0,1,-1,1,-1,0,
137,1,-1,1,0,1,-1,1,0,-1,
138,1,-1,1,0,1,-1,-1,0,1,
139,1,-1,1,0,1,-1,0,-1,1,
140,1,-1,1,0,1,0,1,-1,-1,
141,1,-1,1,0,1,0,-1,-1,1,
142,1,-1,1,0,-1,1,-1,0,1,
143,1,-1,1,0,0,1,-1,-1,1,
144,1,-1,-1,1,1,1,1,-1,-1,
145,1,-1,-1,1,1,1,-1,1,-1,
146,1,-1,-1,1,1,1,-1,-1,1,
147,1,-1,-1,1,1,1,-1,0,0,
148,1,-1,-1,1,1,1,0,-1,0,
149,1,-1,-1,1,1,1,0,0,-1,
150,1,-1,-1,1,1,-1,1,-1,1,
151,1,-1,-1,1,1,-1,1,0,0,
152,1,-1,-1,1,1,-1,-1,1,1,
153,1,-1,-1,1,1,-1,0,0,1,
154,1,-1,-1,1,1,0,1,-1,0,
155,1,-1,-1,1,1,0,1,0,-1,
156,1,-1,-1,1,1,0,-1,0,1,
157,1,-1,-1,1,1,0,0,-1,1,
158,1,-1,-1,1,-1,1,1,1,-1,
159,1,-1,-1,1,-1,1,1,0,0,
160,1,-1,-1,1,-1,-1,1,1,1,
161,1,-1,-1,1,-1,0,1,1,0,
162,1,-1,-1,1,-1,0,1,0,1,
163,1,-1,-1,1,0,1,1,-1,0,
164,1,-1,-1,1,0,1,1,0,-1,
165,1,-1,-1,1,0,-1,1,1,0,
166,1,-1,-1,1,0,-1,1,0,1,
167,1,-1,-1,1,0,0,1,1,-1,
168,1,-1,-1,1,0,0,1,-1,1,
169,1,-1,-1,1,0,0,1,0,0,
170,1,-1,-1,-1,1,1,1,-1,1,
171,1,-1,-1,-1,1,1,-1,1,1,
172,1,-1,-1,-1,1,1,0,0,1,
173,1,-1,-1,-1,1,-1,1,1,1,
174,1,-1,-1,-1,1,0,1,0,1,
175,1,-1,-1,-1,1,0,0,1,1,
176,1,-1,-1,-1,-1,1,1,1,1,
177,1,-1,-1,-1,0,0,1,1,1,
178,1,-1,-1,0,1,1,-1,0,1,
179,1,-1,-1,0,1,1,0,-1,1,
180,1,-1,-1,0,1,-1,1,0,1,
181,1,-1,-1,0,1,-1,0,1,1,
182,1,-1,-1,0,1,0,1,-1,1,
183,1,-1,-1,0,1,0,-1,1,1,
184,1,-1,-1,0,1,0,0,0,1,
185,1,-1,-1,0,-1,0,1,1,1,
186,1,-1,-1,0,0,-1,1,1,1,
187,1,-1,0,1,1,1,-1,-1,0,
188,1,-1,0,1,1,1,-1,0,-1,
189,1,-1,0,1,1,1,0,-1,-1,
190,1,-1,0,1,1,-1,1,-1,0,
191,1,-1,0,1,1,-1,1,0,-1,
192,1,-1,0,1,1,-1,-1,0,1,
193,1,-1,0,1,1,-1,0,-1,1,
194,1,-1,0,1,1,0,1,-1,-1,
195,1,-1,0,1,1,0,-1,-1,1,
196,1,-1,0,1,-1,1,1,0,-1,
197,1,-1,0,1,-1,-1,1,1,0,
198,1,-1,0,1,-1,-1,1,0,1,
199,1,-1,0,1,-1,0,1,1,-1,
200,1,-1,0,1,-1,0,1,0,0,
201,1,-1,0,1,0,1,1,-1,-1,
202,1,-1,0,1,0,-1,1,1,-1,
203,1,-1,0,1,0,-1,1,-1,1,
204,1,-1,0,1,0,-1,1,0,0,
205,1,-1,0,1,0,0,1,-1,0,
206,1,-1,0,1,0,0,1,0,-1,
207,1,-1,0,-1,1,1,-1,0,1,
208,1,-1,0,-1,1,1,0,-1,1,
209,1,-1,0,-1,1,-1,1,0,1,
210,1,-1,0,-1,1,-1,0,1,1,
211,1,-1,0,-1,1,0,1,-1,1,
212,1,-1,0,-1,1,0,-1,1,1,
213,1,-1,0,-1,1,0,0,0,1,
214,1,-1,0,-1,-1,0,1,1,1,
215,1,-1,0,-1,0,-1,1,1,1,
216,1,-1,0,0,1,1,-1,-1,1,
217,1,-1,0,0,1,-1,1,-1,1,
218,1,-1,0,0,1,-1,-1,1,1,
219,1,-1,0,0,1,-1,0,0,1,
220,1,-1,0,0,1,0,-1,0,1,
221,1,-1,0,0,1,0,0,-1,1,
222,1,-1,0,0,-1,-1,1,1,1,
223,1,0,1,1,-1,-1,1,-1,0,
224,1,0,1,1,-1,-1,1,0,-1,
225,1,0,1,1,-1,0,1,-1,-1,
226,1,0,1,1,0,-1,1,-1,-1,
227,1,0,1,-1,1,-1,1,-1,0,
228,1,0,1,-1,1,-1,1,0,-1,
229,1,0,1,-1,1,-1,-1,0,1,
230,1,0,1,-1,1,-1,0,-1,1,
231,1,0,1,-1,1,0,1,-1,-1,
232,1,0,1,-1,1,0,-1,-1,1,
233,1,0,1,-1,-1,1,-1,0,1,
234,1,0,1,-1,-1,1,0,-1,1,
235,1,0,1,-1,0,1,-1,-1,1,
236,1,0,1,0,1,-1,1,-1,-1,
237,1,0,1,0,1,-1,-1,-1,1,
238,1,0,1,0,-1,1,-1,-1,1,
239,1,0,-1,1,1,1,-1,-1,0,
240,1,0,-1,1,1,1,-1,0,-1,
241,1,0,-1,1,1,1,0,-1,-1,
242,1,0,-1,1,1,-1,1,-1,0,
243,1,0,-1,1,1,-1,-1,0,1,
244,1,0,-1,1,1,-1,0,-1,1,
245,1,0,-1,1,1,0,1,-1,-1,
246,1,0,-1,1,1,0,-1,-1,1,
247,1,0,-1,1,-1,1,1,-1,0,
248,1,0,-1,1,-1,1,1,0,-1,
249,1,0,-1,1,-1,-1,1,1,0,
250,1,0,-1,1,-1,-1,1,0,1,
251,1,0,-1,1,-1,0,1,1,-1,
252,1,0,-1,1,-1,0,1,-1,1,
253,1,0,-1,1,-1,0,1,0,0,
254,1,0,-1,1,0,1,1,-1,-1,
255,1,0,-1,1,0,-1,1,-1,1,
256,1,0,-1,1,0,-1,1,0,0,
257,1,0,-1,1,0,0,1,-1,0,
258,1,0,-1,1,0,0,1,0,-1,
259,1,0,-1,-1,1,1,-1,0,1,
260,1,0,-1,-1,1,1,0,-1,1,
261,1,0,-1,-1,1,-1,1,0,1,
262,1,0,-1,-1,1,-1,0,1,1,
263,1,0,-1,-1,1,0,1,-1,1,
264,1,0,-1,-1,1,0,-1,1,1,
265,1,0,-1,-1,1,0,0,0,1,
266,1,0,-1,-1,-1,0,1,1,1,
267,1,0,-1,-1,0,-1,1,1,1,
268,1,0,-1,0,1,1,-1,-1,1,
269,1,0,-1,0,1,-1,1,-1,1,
270,1,0,-1,0,1,-1,-1,1,1,
271,1,0,-1,0,1,-1,0,0,1,
272,1,0,-1,0,1,0,-1,0,1,
273,1,0,-1,0,1,0,0,-1,1,
274,1,0,-1,0,-1,-1,1,1,1,
275,1,0,0,1,1,-1,1,-1,-1,
276,1,0,0,1,1,-1,-1,-1,1,
277,1,0,0,1,-1,1,1,-1,-1,
278,1,0,0,1,-1,-1,1,1,-1,
279,1,0,0,1,-1,-1,1,-1,1,
280,1,0,0,1,-1,-1,1,0,0,
281,1,0,0,1,-1,0,1,-1,0,
282,1,0,0,1,-1,0,1,0,-1,
283,1,0,0,1,0,-1,1,-1,0,
284,1,0,0,1,0,-1,1,0,-1,
285,1,0,0,1,0,0,1,-1,-1,
286,1,0,0,-1,1,1,-1,-1,1,
287,1,0,0,-1,1,-1,1,-1,1,
288,1,0,0,-1,1,-1,-1,1,1,
289,1,0,0,-1,1,-1,0,0,1,
290,1,0,0,-1,1,0,-1,0,1,
291,1,0,0,-1,1,0,0,-1,1,
292,1,0,0,0,1,-1,-1,0,1,
293,1,0,0,0,1,-1,0,-1,1,
294,1,0,0,0,1,0,-1,-1,1,
295,-1,1,1,1,1,-1,1,-1,-1,
296,-1,1,1,1,1,-1,-1,1,-1,
297,-1,1,1,1,-1,1,-1,-1,1,
298,-1,1,1,-1,1,1,1,-1,-1,
299,-1,1,1,-1,1,-1,1,1,-1,
300,-1,1,1,-1,1,-1,1,-1,1,
301,-1,1,1,-1,1,-1,1,0,0,
302,-1,1,1,-1,1,-1,0,1,0,
303,-1,1,1,-1,1,0,1,-1,0,
304,-1,1,1,-1,1,0,1,0,-1,
305,-1,1,1,-1,1,0,0,1,-1,
306,-1,1,1,-1,-1,1,1,-1,1,
307,-1,1,1,-1,-1,1,0,0,1,
308,-1,1,1,-1,0,1,0,-1,1,
309,-1,1,1,0,1,-1,1,-1,0,
310,-1,1,1,0,1,-1,1,0,-1,
311,-1,1,1,0,1,-1,-1,1,0,
312,-1,1,1,0,1,-1,0,1,-1,
313,-1,1,1,0,1,0,1,-1,-1,
314,-1,1,1,0,1,0,-1,1,-1,
315,-1,1,1,0,-1,1,-1,0,1,
316,-1,1,1,0,-1,1,0,-1,1,
317,-1,1,1,0,0,1,-1,-1,1,
318,-1,1,-1,1,1,1,1,-1,-1,
319,-1,1,-1,1,1,1,-1,1,-1,
320,-1,1,-1,1,1,1,-1,-1,1,
321,-1,1,-1,1,1,1,-1,0,0,
322,-1,1,-1,1,1,1,0,-1,0,
323,-1,1,-1,1,1,1,0,0,-1,
324,-1,1,-1,1,1,-1,-1,1,1,
325,-1,1,-1,1,1,-1,0,1,0,
326,-1,1,-1,1,1,0,-1,1,0,
327,-1,1,-1,1,1,0,0,1,-1,
328,-1,1,-1,1,-1,-1,1,1,1,
329,-1,1,-1,-1,1,1,1,1,-1,
330,-1,1,-1,-1,1,1,0,1,0,
331,-1,1,-1,-1,1,-1,1,1,1,
332,-1,1,-1,-1,1,0,1,1,0,
333,-1,1,-1,-1,1,0,0,1,1,
334,-1,1,-1,-1,-1,1,1,1,1,
335,-1,1,-1,-1,0,0,1,1,1,
336,-1,1,-1,0,1,1,-1,1,0,
337,-1,1,-1,0,1,1,0,1,-1,
338,-1,1,-1,0,1,-1,1,1,0,
339,-1,1,-1,0,1,-1,0,1,1,
340,-1,1,-1,0,1,0,1,1,-1,
341,-1,1,-1,0,1,0,-1,1,1,
342,-1,1,-1,0,1,0,0,1,0,
343,-1,1,-1,0,-1,0,1,1,1,
344,-1,1,-1,0,0,-1,1,1,1,
345,-1,1,0,1,1,1,-1,-1,0,
346,-1,1,0,1,1,1,-1,0,-1,
347,-1,1,0,1,1,1,0,-1,-1,
348,-1,1,0,1,1,-1,-1,1,0,
349,-1,1,0,1,1,-1,0,1,-1,
350,-1,1,0,1,1,0,-1,1,-1,
351,-1,1,0,-1,1,1,0,1,-1,
352,-1,1,0,-1,1,-1,1,1,0,
353,-1,1,0,-1,1,-1,0,1,1,
354,-1,1,0,-1,1,0,1,1,-1,
355,-1,1,0,-1,1,0,0,1,0,
356,-1,1,0,-1,-1,0,1,1,1,
357,-1,1,0,-1,0,-1,1,1,1,
358,-1,1,0,0,1,1,-1,1,-1,
359,-1,1,0,0,1,-1,1,1,-1,
360,-1,1,0,0,1,-1,-1,1,1,
361,-1,1,0,0,1,-1,0,1,0,
362,-1,1,0,0,1,0,-1,1,0,
363,-1,1,0,0,1,0,0,1,-1,
364,-1,1,0,0,-1,-1,1,1,1,
365,-1,-1,1,1,1,1,1,-1,-1,
366,-1,-1,1,1,1,1,-1,1,-1,
367,-1,-1,1,1,1,1,-1,-1,1,
368,-1,-1,1,1,1,1,-1,0,0,
369,-1,-1,1,1,1,1,0,-1,0,
370,-1,-1,1,1,1,1,0,0,-1,
371,-1,-1,1,1,1,-1,1,1,-1,
372,-1,-1,1,1,1,-1,1,-1,1,
373,-1,-1,1,1,1,-1,1,0,0,
374,-1,-1,1,1,1,0,1,-1,0,
375,-1,-1,1,1,1,0,1,0,-1,
376,-1,-1,1,1,-1,1,-1,1,1,
377,-1,-1,1,1,-1,1,0,0,1,
378,-1,-1,1,1,-1,-1,1,1,1,
379,-1,-1,1,1,0,1,-1,0,1,
380,-1,-1,1,1,0,1,0,-1,1,
381,-1,-1,1,-1,1,1,1,1,-1,
382,-1,-1,1,-1,1,1,1,-1,1,
383,-1,-1,1,-1,1,1,1,0,0,
384,-1,-1,1,-1,1,1,0,0,1,
385,-1,-1,1,-1,1,-1,1,1,1,
386,-1,-1,1,-1,1,0,1,1,0,
387,-1,-1,1,-1,1,0,1,0,1,
388,-1,-1,1,-1,-1,1,1,1,1,
389,-1,-1,1,-1,0,1,1,0,1,
390,-1,-1,1,-1,0,1,0,1,1,
391,-1,-1,1,-1,0,0,1,1,1,
392,-1,-1,1,0,1,1,1,-1,0,
393,-1,-1,1,0,1,1,1,0,-1,
394,-1,-1,1,0,1,1,-1,0,1,
395,-1,-1,1,0,1,1,0,-1,1,
396,-1,-1,1,0,1,-1,1,1,0,
397,-1,-1,1,0,1,-1,1,0,1,
398,-1,-1,1,0,1,0,1,1,-1,
399,-1,-1,1,0,1,0,1,-1,1,
400,-1,-1,1,0,1,0,1,0,0,
401,-1,-1,1,0,-1,1,1,0,1,
402,-1,-1,1,0,-1,1,0,1,1,
403,-1,-1,1,0,-1,0,1,1,1,
404,-1,-1,1,0,0,1,1,-1,1,
405,-1,-1,1,0,0,1,-1,1,1,
406,-1,-1,1,0,0,1,0,0,1,
407,-1,-1,1,0,0,-1,1,1,1,
408,-1,-1,0,1,1,1,1,-1,0,
409,-1,-1,0,1,1,1,1,0,-1,
410,-1,-1,0,1,1,1,-1,1,0,
411,-1,-1,0,1,1,1,-1,0,1,
412,-1,-1,0,1,1,1,0,1,-1,
413,-1,-1,0,1,1,1,0,-1,1,
414,-1,-1,0,1,1,1,0,0,0,
415,-1,-1,0,1,-1,0,1,1,1,
416,-1,-1,0,1,0,-1,1,1,1,
417,-1,-1,0,-1,1,0,1,1,1,
418,-1,-1,0,-1,0,1,1,1,1,
419,-1,-1,0,0,1,-1,1,1,1,
420,-1,-1,0,0,-1,1,1,1,1,
421,-1,-1,0,0,0,0,1,1,1,
422,-1,0,1,1,1,1,-1,-1,0,
423,-1,0,1,1,1,1,-1,0,-1,
424,-1,0,1,1,1,1,0,-1,-1,
425,-1,0,1,1,1,-1,1,-1,0,
426,-1,0,1,1,1,-1,1,0,-1,
427,-1,0,1,1,1,0,1,-1,-1,
428,-1,0,1,1,-1,1,-1,0,1,
429,-1,0,1,1,-1,1,0,-1,1,
430,-1,0,1,1,0,1,-1,-1,1,
431,-1,0,1,-1,1,1,1,-1,0,
432,-1,0,1,-1,1,1,1,0,-1,
433,-1,0,1,-1,1,1,0,-1,1,
434,-1,0,1,-1,1,-1,1,1,0,
435,-1,0,1,-1,1,-1,1,0,1,
436,-1,0,1,-1,1,0,1,1,-1,
437,-1,0,1,-1,1,0,1,-1,1,
438,-1,0,1,-1,1,0,1,0,0,
439,-1,0,1,-1,-1,1,1,0,1,
440,-1,0,1,-1,-1,1,0,1,1,
441,-1,0,1,-1,-1,0,1,1,1,
442,-1,0,1,-1,0,1,1,-1,1,
443,-1,0,1,-1,0,1,0,0,1,
444,-1,0,1,-1,0,-1,1,1,1,
445,-1,0,1,0,1,1,1,-1,-1,
446,-1,0,1,0,1,1,-1,-1,1,
447,-1,0,1,0,1,-1,1,1,-1,
448,-1,0,1,0,1,-1,1,-1,1,
449,-1,0,1,0,1,-1,1,0,0,
450,-1,0,1,0,1,0,1,-1,0,
451,-1,0,1,0,1,0,1,0,-1,
452,-1,0,1,0,-1,1,1,-1,1,
453,-1,0,1,0,-1,1,-1,1,1,
454,-1,0,1,0,-1,1,0,0,1,
455,-1,0,1,0,-1,-1,1,1,1,
456,-1,0,1,0,0,1,-1,0,1,
457,-1,0,1,0,0,1,0,-1,1,
458,-1,0,-1,1,1,1,1,-1,0,
459,-1,0,-1,1,1,1,1,0,-1,
460,-1,0,-1,1,1,1,-1,1,0,
461,-1,0,-1,1,1,1,-1,0,1,
462,-1,0,-1,1,1,1,0,1,-1,
463,-1,0,-1,1,1,1,0,-1,1,
464,-1,0,-1,1,1,1,0,0,0,
465,-1,0,-1,1,-1,0,1,1,1,
466,-1,0,-1,1,0,-1,1,1,1,
467,-1,0,-1,-1,1,0,1,1,1,
468,-1,0,-1,-1,0,1,1,1,1,
469,-1,0,-1,0,1,-1,1,1,1,
470,-1,0,-1,0,-1,1,1,1,1,
471,-1,0,-1,0,0,0,1,1,1,
472,-1,0,0,1,1,1,1,-1,-1,
473,-1,0,0,1,1,1,-1,1,-1,
474,-1,0,0,1,1,1,-1,-1,1,
475,-1,0,0,1,1,1,-1,0,0,
476,-1,0,0,1,1,1,0,-1,0,
477,-1,0,0,1,1,1,0,0,-1,
478,-1,0,0,1,-1,-1,1,1,1,
479,-1,0,0,-1,1,-1,1,1,1,
480,-1,0,0,-1,-1,1,1,1,1,
481,-1,0,0,-1,0,0,1,1,1,
482,-1,0,0,0,-1,0,1,1,1,
483,-1,0,0,0,0,-1,1,1,1,
484,0,1,1,-1,1,-1,1,-1,0,
485,0,1,1,-1,1,-1,1,0,-1,
486,0,1,1,-1,1,-1,-1,1,0,
487,0,1,1,-1,1,-1,0,1,-1,
488,0,1,1,-1,1,0,1,-1,-1,
489,0,1,1,-1,1,0,-1,1,-1,
490,0,1,1,-1,-1,1,-1,0,1,
491,0,1,1,-1,-1,1,0,-1,1,
492,0,1,1,-1,0,1,-1,-1,1,
493,0,1,1,0,1,-1,1,-1,-1,
494,0,1,1,0,1,-1,-1,1,-1,
495,0,1,1,0,-1,1,-1,-1,1,
496,0,1,-1,1,1,1,-1,-1,0,
497,0,1,-1,1,1,1,-1,0,-1,
498,0,1,-1,1,1,1,0,-1,-1,
499,0,1,-1,1,1,-1,-1,1,0,
500,0,1,-1,1,1,0,-1,1,-1,
501,0,1,-1,-1,1,1,-1,1,0,
502,0,1,-1,-1,1,1,0,1,-1,
503,0,1,-1,-1,1,-1,1,1,0,
504,0,1,-1,-1,1,-1,0,1,1,
505,0,1,-1,-1,1,0,1,1,-1,
506,0,1,-1,-1,1,0,-1,1,1,
507,0,1,-1,-1,1,0,0,1,0,
508,0,1,-1,-1,-1,0,1,1,1,
509,0,1,-1,-1,0,-1,1,1,1,
510,0,1,-1,0,1,1,-1,1,-1,
511,0,1,-1,0,1,-1,-1,1,1,
512,0,1,-1,0,1,-1,0,1,0,
513,0,1,-1,0,1,0,-1,1,0,
514,0,1,-1,0,1,0,0,1,-1,
515,0,1,-1,0,-1,-1,1,1,1,
516,0,1,0,1,1,-1,-1,1,-1,
517,0,1,0,-1,1,1,-1,1,-1,
518,0,1,0,-1,1,-1,1,1,-1,
519,0,1,0,-1,1,-1,-1,1,1,
520,0,1,0,-1,1,-1,0,1,0,
521,0,1,0,-1,1,0,-1,1,0,
522,0,1,0,-1,1,0,0,1,-1,
523,0,1,0,0,1,-1,-1,1,0,
524,0,1,0,0,1,-1,0,1,-1,
525,0,1,0,0,1,0,-1,1,-1,
526,0,-1,1,1,1,1,-1,-1,0,
527,0,-1,1,1,1,1,-1,0,-1,
528,0,-1,1,1,1,1,0,-1,-1,
529,0,-1,1,1,1,-1,1,-1,0,
530,0,-1,1,1,1,-1,1,0,-1,
531,0,-1,1,1,1,0,1,-1,-1,
532,0,-1,1,1,-1,1,-1,0,1,
533,0,-1,1,1,0,1,-1,-1,1,
534,0,-1,1,-1,1,1,1,-1,0,
535,0,-1,1,-1,1,1,1,0,-1,
536,0,-1,1,-1,1,1,-1,0,1,
537,0,-1,1,-1,1,1,0,-1,1,
538,0,-1,1,-1,1,-1,1,1,0,
539,0,-1,1,-1,1,-1,1,0,1,
540,0,-1,1,-1,1,0,1,1,-1,
541,0,-1,1,-1,1,0,1,-1,1,
542,0,-1,1,-1,1,0,1,0,0,
543,0,-1,1,-1,-1,1,1,0,1,
544,0,-1,1,-1,-1,1,0,1,1,
545,0,-1,1,-1,-1,0,1,1,1,
546,0,-1,1,-1,0,1,1,-1,1,
547,0,-1,1,-1,0,1,-1,1,1,
548,0,-1,1,-1,0,1,0,0,1,
549,0,-1,1,-1,0,-1,1,1,1,
550,0,-1,1,0,1,1,1,-1,-1,
551,0,-1,1,0,1,1,-1,-1,1,
552,0,-1,1,0,1,-1,1,1,-1,
553,0,-1,1,0,1,-1,1,-1,1,
554,0,-1,1,0,1,-1,1,0,0,
555,0,-1,1,0,1,0,1,-1,0,
556,0,-1,1,0,1,0,1,0,-1,
557,0,-1,1,0,-1,1,-1,1,1,
558,0,-1,1,0,-1,1,0,0,1,
559,0,-1,1,0,-1,-1,1,1,1,
560,0,-1,1,0,0,1,-1,0,1,
561,0,-1,1,0,0,1,0,-1,1,
562,0,-1,-1,1,1,1,1,-1,0,
563,0,-1,-1,1,1,1,1,0,-1,
564,0,-1,-1,1,1,1,-1,1,0,
565,0,-1,-1,1,1,1,-1,0,1,
566,0,-1,-1,1,1,1,0,1,-1,
567,0,-1,-1,1,1,1,0,-1,1,
568,0,-1,-1,1,1,1,0,0,0,
569,0,-1,-1,1,-1,0,1,1,1,
570,0,-1,-1,1,0,-1,1,1,1,
571,0,-1,-1,-1,1,0,1,1,1,
572,0,-1,-1,-1,0,1,1,1,1,
573,0,-1,-1,0,1,-1,1,1,1,
574,0,-1,-1,0,-1,1,1,1,1,
575,0,-1,-1,0,0,0,1,1,1,
576,0,-1,0,1,1,1,1,-1,-1,
577,0,-1,0,1,1,1,-1,1,-1,
578,0,-1,0,1,1,1,-1,-1,1,
579,0,-1,0,1,1,1,-1,0,0,
580,0,-1,0,1,1,1,0,-1,0,
581,0,-1,0,1,1,1,0,0,-1,
582,0,-1,0,1,-1,-1,1,1,1,
583,0,-1,0,-1,1,-1,1,1,1,
584,0,-1,0,-1,-1,1,1,1,1,
585,0,-1,0,-1,0,0,1,1,1,
586,0,-1,0,0,-1,0,1,1,1,
587,0,-1,0,0,0,-1,1,1,1,
588,0,0,1,1,1,-1,1,-1,-1,
589,0,0,1,1,-1,1,-1,-1,1,
590,0,0,1,-1,1,1,1,-1,-1,
591,0,0,1,-1,1,1,-1,-1,1,
592,0,0,1,-1,1,-1,1,1,-1,
593,0,0,1,-1,1,-1,1,-1,1,
594,0,0,1,-1,1,-1,1,0,0,
595,0,0,1,-1,1,0,1,-1,0,
596,0,0,1,-1,1,0,1,0,-1,
597,0,0,1,-1,-1,1,1,-1,1,
598,0,0,1,-1,-1,1,-1,1,1,
599,0,0,1,-1,-1,1,0,0,1,
600,0,0,1,-1,0,1,-1,0,1,
601,0,0,1,-1,0,1,0,-1,1,
602,0,0,1,0,1,-1,1,-1,0,
603,0,0,1,0,1,-1,1,0,-1,
604,0,0,1,0,1,0,1,-1,-1,
605,0,0,1,0,-1,1,-1,0,1,
606,0,0,1,0,-1,1,0,-1,1,
607,0,0,1,0,0,1,-1,-1,1,
608,0,0,-1,1,1,1,1,-1,-1,
609,0,0,-1,1,1,1,-1,1,-1,
610,0,0,-1,1,1,1,-1,-1,1,
611,0,0,-1,1,1,1,-1,0,0,
612,0,0,-1,1,1,1,0,-1,0,
613,0,0,-1,1,1,1,0,0,-1,
614,0,0,-1,1,-1,-1,1,1,1,
615,0,0,-1,-1,1,-1,1,1,1,
616,0,0,-1,-1,-1,1,1,1,1,
617,0,0,-1,-1,0,0,1,1,1,
618,0,0,-1,0,-1,0,1,1,1,
619,0,0,-1,0,0,-1,1,1,1,
620,0,0,0,1,1,1,-1,-1,0,
621,0,0,0,1,1,1,-1,0,-1,
622,0,0,0,1,1,1,0,-1,-1,
623,0,0,0,-1,-1,0,1,1,1,
624,0,0,0,-1,0,-1,1,1,1,
625,0,0,0,0,-1,-1,1,1,1,
626,1,1,-1,1,1,-1,-1,0,-1,
627,1,1,-1,1,1,-1,0,-1,-1,
628,1,1,-1,1,1,0,-1,-1,-1,
629,1,1,-1,1,-1,1,-1,-1,0,
630,1,1,-1,1,-1,1,-1,0,-1,
631,1,1,-1,1,-1,-1,-1,1,0,
632,1,1,-1,1,-1,-1,-1,0,1,
633,1,1,-1,1,-1,-1,0,1,-1,
634,1,1,-1,1,-1,0,-1,1,-1,
635,1,1,-1,1,-1,0,-1,-1,1,
636,1,1,-1,1,-1,0,-1,0,0,
637,1,1,-1,1,0,1,-1,-1,-1,
638,1,1,-1,1,0,-1,-1,1,-1,
639,1,1,-1,1,0,-1,0,0,-1,
640,1,1,-1,-1,1,-1,1,0,-1,
641,1,1,-1,-1,-1,1,-1,1,0,
642,1,1,-1,-1,-1,1,-1,0,1,
643,1,1,-1,-1,-1,-1,1,1,0,
644,1,1,-1,-1,-1,-1,1,0,1,
645,1,1,-1,-1,-1,-1,0,1,1,
646,1,1,-1,-1,-1,0,-1,1,1,
647,1,1,-1,-1,0,-1,1,1,-1,
648,1,1,-1,0,1,1,-1,-1,-1,
649,1,1,-1,0,1,-1,1,-1,-1,
650,1,1,-1,0,1,-1,0,0,-1,
651,1,1,-1,0,-1,1,-1,1,-1,
652,1,1,-1,0,-1,1,-1,-1,1,
653,1,1,-1,0,-1,1,-1,0,0,
654,1,1,-1,0,-1,-1,1,1,-1,
655,1,1,-1,0,-1,-1,-1,1,1,
656,1,1,-1,0,-1,0,-1,1,0,
657,1,1,-1,0,-1,0,-1,0,1,
658,1,1,-1,0,0,-1,1,0,-1,
659,1,1,-1,0,0,-1,0,1,-1,
660,1,1,0,1,1,-1,-1,-1,-1,
661,1,1,0,1,-1,1,-1,-1,-1,
662,1,1,0,1,0,0,-1,-1,-1,
663,1,1,0,-1,1,1,-1,-1,-1,
664,1,1,0,-1,-1,-1,1,1,-1,
665,1,1,0,-1,-1,-1,1,-1,1,
666,1,1,0,-1,-1,-1,1,0,0,
667,1,1,0,-1,-1,-1,-1,1,1,
668,1,1,0,-1,-1,-1,0,1,0,
669,1,1,0,-1,-1,-1,0,0,1,
670,1,1,0,0,1,0,-1,-1,-1,
671,1,1,0,0,0,1,-1,-1,-1,
672,1,-1,1,1,1,0,-1,-1,-1,
673,1,-1,1,1,-1,1,-1,-1,0,
674,1,-1,1,1,-1,1,0,-1,-1,
675,1,-1,1,1,-1,-1,0,-1,1,
676,1,-1,1,1,-1,0,-1,-1,1,
677,1,-1,1,1,-1,0,0,-1,0,
678,1,-1,1,1,0,1,-1,-1,-1,
679,1,-1,1,-1,-1,1,1,-1,0,
680,1,-1,1,-1,-1,-1,1,1,0,
681,1,-1,1,-1,-1,-1,1,0,1,
682,1,-1,1,-1,-1,-1,0,1,1,
683,1,-1,1,-1,-1,0,1,-1,1,
684,1,-1,1,0,1,1,-1,-1,-1,
685,1,-1,1,0,-1,1,1,-1,-1,
686,1,-1,1,0,-1,1,0,-1,0,
687,1,-1,1,0,-1,-1,1,-1,1,
688,1,-1,1,0,-1,0,1,-1,0,
689,1,-1,1,0,-1,0,0,-1,1,
690,1,-1,-1,1,1,-1,0,1,-1,
691,1,-1,-1,1,-1,1,-1,1,0,
692,1,-1,-1,1,-1,1,-1,0,1,
693,1,-1,-1,1,-1,1,0,-1,1,
694,1,-1,-1,1,-1,0,-1,1,1,
695,1,-1,-1,0,1,-1,1,1,-1,
696,1,-1,-1,0,-1,1,1,-1,1,
697,1,-1,-1,0,-1,1,-1,1,1,
698,1,-1,0,1,-1,1,-1,-1,1,
699,1,-1,0,1,-1,1,0,-1,0,
700,1,-1,0,1,-1,0,0,-1,1,
701,1,-1,0,-1,-1,1,1,-1,1,
702,1,-1,0,0,-1,1,1,-1,0,
703,1,-1,0,0,-1,1,0,-1,1,
704,1,-1,0,0,-1,0,1,-1,1,
705,1,0,1,1,1,-1,-1,-1,-1,
706,1,0,1,1,-1,1,-1,-1,-1,
707,1,0,1,1,0,0,-1,-1,-1,
708,1,0,1,-1,1,1,-1,-1,-1,
709,1,0,1,-1,-1,-1,1,1,-1,
710,1,0,1,-1,-1,-1,1,-1,1,
711,1,0,1,-1,-1,-1,1,0,0,
712,1,0,1,-1,-1,-1,-1,1,1,
713,1,0,1,-1,-1,-1,0,1,0,
714,1,0,1,-1,-1,-1,0,0,1,
715,1,0,1,0,1,0,-1,-1,-1,
716,1,0,1,0,0,1,-1,-1,-1,
717,1,0,-1,1,1,-1,-1,1,-1,
718,1,0,-1,1,1,-1,0,0,-1,
719,1,0,-1,1,-1,1,-1,1,-1,
720,1,0,-1,1,-1,1,-1,-1,1,
721,1,0,-1,1,-1,1,-1,0,0,
722,1,0,-1,1,-1,-1,-1,1,1,
723,1,0,-1,1,-1,0,-1,1,0,
724,1,0,-1,1,-1,0,-1,0,1,
725,1,0,-1,1,0,-1,0,1,-1,
726,1,0,-1,-1,1,-1,1,1,-1,
727,1,0,-1,-1,-1,1,-1,1,1,
728,1,0,-1,0,1,-1,1,0,-1,
729,1,0,-1,0,1,-1,0,1,-1,
730,1,0,-1,0,-1,1,-1,1,0,
731,1,0,-1,0,-1,1,-1,0,1,
732,1,0,-1,0,-1,0,-1,1,1,
733,1,0,-1,0,0,-1,1,1,-1,
734,1,0,0,1,1,0,-1,-1,-1,
735,1,0,0,1,0,1,-1,-1,-1,
736,1,0,0,-1,-1,-1,1,1,0,
737,1,0,0,-1,-1,-1,1,0,1,
738,1,0,0,-1,-1,-1,0,1,1,
739,1,0,0,0,1,1,-1,-1,-1,
740,-1,1,1,1,1,0,-1,-1,-1,
741,-1,1,1,1,-1,1,-1,0,-1,
742,-1,1,1,1,-1,1,0,-1,-1,
743,-1,1,1,1,-1,-1,1,0,-1,
744,-1,1,1,1,-1,-1,0,1,-1,
745,-1,1,1,1,-1,0,1,-1,-1,
746,-1,1,1,1,-1,0,-1,1,-1,
747,-1,1,1,1,-1,0,0,0,-1,
748,-1,1,1,1,0,1,-1,-1,-1,
749,-1,1,1,-1,1,1,-1,-1,0,
750,-1,1,1,-1,1,1,-1,0,-1,
751,-1,1,1,-1,1,-1,-1,0,1,
752,-1,1,1,-1,1,0,-1,-1,1,
753,-1,1,1,-1,1,0,-1,0,0,
754,-1,1,1,-1,-1,1,1,0,-1,
755,-1,1,1,-1,-1,1,-1,1,0,
756,-1,1,1,-1,-1,1,0,1,-1,
757,-1,1,1,-1,-1,-1,1,1,0,
758,-1,1,1,-1,-1,-1,1,0,1,
759,-1,1,1,-1,-1,-1,0,1,1,
760,-1,1,1,-1,-1,0,1,1,-1,
761,-1,1,1,-1,-1,0,-1,1,1,
762,-1,1,1,-1,0,1,-1,1,-1,
763,-1,1,1,-1,0,1,-1,0,0,
764,-1,1,1,-1,0,-1,-1,1,1,
765,-1,1,1,-1,0,0,-1,1,0,
766,-1,1,1,-1,0,0,-1,0,1,
767,-1,1,1,0,1,1,-1,-1,-1,
768,-1,1,1,0,-1,1,1,-1,-1,
769,-1,1,1,0,-1,1,-1,1,-1,
770,-1,1,1,0,-1,1,0,0,-1,
771,-1,1,1,0,-1,-1,1,1,-1,
772,-1,1,1,0,-1,0,1,0,-1,
773,-1,1,1,0,-1,0,0,1,-1,
774,-1,1,-1,1,1,-1,1,0,-1,
775,-1,1,-1,1,-1,1,1,0,-1,
776,-1,1,-1,1,-1,1,-1,1,0,
777,-1,1,-1,1,-1,1,-1,0,1,
778,-1,1,-1,1,-1,1,0,1,-1,
779,-1,1,-1,1,-1,0,1,1,-1,
780,-1,1,-1,1,-1,0,-1,1,1,
781,-1,1,-1,1,0,-1,1,1,-1,
782,-1,1,-1,-1,1,1,-1,0,1,
783,-1,1,-1,-1,0,1,-1,1,1,
784,-1,1,-1,0,-1,1,1,1,-1,
785,-1,1,-1,0,-1,1,-1,1,1,
786,-1,1,0,1,-1,1,1,-1,-1,
787,-1,1,0,1,-1,1,-1,1,-1,
788,-1,1,0,1,-1,1,0,0,-1,
789,-1,1,0,1,-1,-1,1,1,-1,
790,-1,1,0,1,-1,0,1,0,-1,
791,-1,1,0,1,-1,0,0,1,-1,
792,-1,1,0,-1,1,1,-1,-1,1,
793,-1,1,0,-1,1,1,-1,0,0,
794,-1,1,0,-1,1,0,-1,0,1,
795,-1,1,0,-1,-1,1,1,1,-1,
796,-1,1,0,-1,-1,1,-1,1,1,
797,-1,1,0,-1,0,1,-1,1,0,
798,-1,1,0,-1,0,1,-1,0,1,
799,-1,1,0,-1,0,0,-1,1,1,
800,-1,1,0,0,-1,1,1,0,-1,
801,-1,1,0,0,-1,1,0,1,-1,
802,-1,1,0,0,-1,0,1,1,-1,
803,-1,-1,1,1,-1,1,1,-1,0,
804,-1,-1,1,1,-1,1,1,0,-1,
805,-1,-1,1,1,-1,1,0,1,-1,
806,-1,-1,1,1,-1,0,1,1,-1,
807,-1,-1,1,1,-1,0,1,-1,1,
808,-1,-1,1,-1,1,1,-1,1,0,
809,-1,-1,1,-1,1,0,-1,1,1,
810,-1,-1,1,0,-1,1,1,1,-1,
811,-1,-1,-1,1,1,-1,1,1,0,
812,-1,-1,-1,1,1,-1,1,0,1,
813,-1,-1,-1,1,1,-1,0,1,1,
814,-1,-1,-1,1,1,0,1,1,-1,
815,-1,-1,-1,1,1,0,1,-1,1,
816,-1,-1,-1,1,1,0,1,0,0,
817,-1,-1,-1,1,1,0,-1,1,1,
818,-1,-1,-1,1,1,0,0,1,0,
819,-1,-1,-1,1,1,0,0,0,1,
820,-1,-1,-1,1,-1,1,1,1,0,
821,-1,-1,-1,1,-1,1,1,0,1,
822,-1,-1,-1,1,-1,1,0,1,1,
823,-1,-1,-1,1,0,1,1,1,-1,
824,-1,-1,-1,1,0,1,1,-1,1,
825,-1,-1,-1,1,0,1,1,0,0,
826,-1,-1,-1,1,0,1,-1,1,1,
827,-1,-1,-1,1,0,1,0,1,0,
828,-1,-1,-1,1,0,1,0,0,1,
829,-1,-1,-1,1,0,0,1,1,0,
830,-1,-1,-1,1,0,0,1,0,1,
831,-1,-1,-1,1,0,0,0,1,1,
832,-1,-1,-1,-1,1,1,1,1,0,
833,-1,-1,-1,-1,1,1,1,0,1,
834,-1,-1,-1,-1,1,1,0,1,1,
835,-1,-1,-1,0,1,1,1,1,-1,
836,-1,-1,-1,0,1,1,1,-1,1,
837,-1,-1,-1,0,1,1,1,0,0,
838,-1,-1,-1,0,1,1,-1,1,1,
839,-1,-1,-1,0,1,1,0,1,0,
840,-1,-1,-1,0,1,1,0,0,1,
841,-1,-1,-1,0,1,0,1,1,0,
842,-1,-1,-1,0,1,0,1,0,1,
843,-1,-1,-1,0,1,0,0,1,1,
844,-1,-1,-1,0,0,1,1,1,0,
845,-1,-1,-1,0,0,1,1,0,1,
846,-1,-1,-1,0,0,1,0,1,1,
847,-1,-1,0,1,-1,1,1,1,-1,
848,-1,-1,0,1,-1,1,1,-1,1,
849,-1,-1,0,-1,1,1,-1,1,1,
850,-1,0,1,1,-1,1,1,-1,-1,
851,-1,0,1,1,-1,1,-1,1,-1,
852,-1,0,1,1,-1,1,0,0,-1,
853,-1,0,1,1,-1,-1,1,1,-1,
854,-1,0,1,1,-1,0,1,0,-1,
855,-1,0,1,1,-1,0,0,1,-1,
856,-1,0,1,-1,1,1,-1,1,-1,
857,-1,0,1,-1,1,1,-1,0,0,
858,-1,0,1,-1,1,-1,-1,1,1,
859,-1,0,1,-1,1,0,-1,1,0,
860,-1,0,1,-1,1,0,-1,0,1,
861,-1,0,1,-1,-1,1,1,1,-1,
862,-1,0,1,-1,0,1,-1,1,0,
863,-1,0,1,-1,0,0,-1,1,1,
864,-1,0,1,0,-1,1,1,0,-1,
865,-1,0,1,0,-1,1,0,1,-1,
866,-1,0,1,0,-1,0,1,1,-1,
867,-1,0,-1,1,1,-1,1,1,-1,
868,-1,0,-1,1,-1,1,1,1,-1,
869,-1,0,-1,1,-1,1,-1,1,1,
870,-1,0,-1,-1,1,1,-1,1,1,
871,-1,0,0,1,-1,1,1,0,-1,
872,-1,0,0,1,-1,1,0,1,-1,
873,-1,0,0,1,-1,0,1,1,-1,
874,-1,0,0,-1,1,1,-1,1,0,
875,-1,0,0,-1,1,1,-1,0,1,
876,-1,0,0,-1,1,0,-1,1,1,
877,-1,0,0,-1,0,1,-1,1,1,
878,-1,0,0,0,-1,1,1,1,-1,
879,0,1,1,1,1,-1,-1,-1,-1,
880,0,1,1,1,-1,1,-1,-1,-1,
881,0,1,1,1,0,0,-1,-1,-1,
882,0,1,1,-1,1,1,-1,-1,-1,
883,0,1,1,-1,-1,-1,1,1,-1,
884,0,1,1,-1,-1,-1,1,-1,1,
885,0,1,1,-1,-1,-1,1,0,0,
886,0,1,1,-1,-1,-1,-1,1,1,
887,0,1,1,-1,-1,-1,0,1,0,
888,0,1,1,-1,-1,-1,0,0,1,
889,0,1,1,0,1,0,-1,-1,-1,
890,0,1,1,0,0,1,-1,-1,-1,
891,0,1,-1,1,1,-1,1,-1,-1,
892,0,1,-1,1,1,-1,0,0,-1,
893,0,1,-1,1,-1,1,-1,1,-1,
894,0,1,-1,1,-1,1,-1,-1,1,
895,0,1,-1,1,-1,1,-1,0,0,
896,0,1,-1,1,-1,-1,1,1,-1,
897,0,1,-1,1,-1,-1,-1,1,1,
898,0,1,-1,1,-1,0,-1,1,0,
899,0,1,-1,1,-1,0,-1,0,1,
900,0,1,-1,1,0,-1,1,0,-1,
901,0,1,-1,1,0,-1,0,1,-1,
902,0,1,-1,-1,-1,1,-1,1,1,
903,0,1,-1,0,1,-1,1,0,-1,
904,0,1,-1,0,-1,1,-1,1,0,
905,0,1,-1,0,-1,1,-1,0,1,
906,0,1,-1,0,-1,0,-1,1,1,
907,0,1,-1,0,0,-1,1,1,-1,
908,0,1,0,1,1,0,-1,-1,-1,
909,0,1,0,1,0,1,-1,-1,-1,
910,0,1,0,-1,-1,-1,1,1,0,
911,0,1,0,-1,-1,-1,1,0,1,
912,0,1,0,-1,-1,-1,0,1,1,
913,0,1,0,0,1,1,-1,-1,-1,
914,0,-1,1,1,-1,1,1,-1,-1,
915,0,-1,1,1,-1,1,0,-1,0,
916,0,-1,1,1,-1,-1,1,-1,1,
917,0,-1,1,1,-1,0,1,-1,0,
918,0,-1,1,1,-1,0,0,-1,1,
919,0,-1,1,0,-1,1,1,-1,0,
920,0,-1,1,0,-1,0,1,-1,1,
921,0,-1,-1,1,1,-1,1,1,-1,
922,0,-1,-1,1,-1,1,1,-1,1,
923,0,-1,-1,1,-1,1,-1,1,1,
924,0,-1,0,1,-1,1,1,-1,0,
925,0,-1,0,1,-1,1,0,-1,1,
926,0,-1,0,1,-1,0,1,-1,1,
927,0,-1,0,0,-1,1,1,-1,1,
928,0,0,1,1,1,0,-1,-1,-1,
929,0,0,1,1,0,1,-1,-1,-1,
930,0,0,1,-1,-1,-1,1,1,0,
931,0,0,1,-1,-1,-1,1,0,1,
932,0,0,1,-1,-1,-1,0,1,1,
933,0,0,1,0,1,1,-1,-1,-1,
934,0,0,-1,1,1,-1,1,0,-1,
935,0,0,-1,1,1,-1,0,1,-1,
936,0,0,-1,1,-1,1,-1,1,0,
937,0,0,-1,1,-1,1,-1,0,1,
938,0,0,-1,1,-1,0,-1,1,1,
939,0,0,-1,1,0,-1,1,1,-1,
940,0,0,-1,0,1,-1,1,1,-1,
941,0,0,-1,0,-1,1,-1,1,1,
942,1,1,-1,-1,1,1,1,-1,-1,
943,1,1,-1,-1,-1,1,1,1,-1,
944,1,1,-1,-1,-1,1,1,-1,1,
945,1,-1,1,1,1,-1,-1,1,-1,
946,1,-1,1,1,-1,1,-1,1,-1,
947,1,-1,1,1,-1,-1,-1,1,1,
948,1,-1,1,-1,1,1,-1,1,-1,
949,1,-1,1,-1,-1,1,1,1,-1,
950,1,-1,-1,-1,1,1,1,1,-1,
951,-1,1,1,1,1,-1,-1,-1,1,
952,-1,1,1,1,-1,-1,1,-1,1,
953,-1,1,1,1,-1,-1,-1,1,1,
954,-1,1,-1,1,1,-1,1,-1,1,
955,-1,1,-1,1,-1,1,1,-1,1,
956,-1,1,-1,-1,1,1,1,-1,1,
957,-1,-1,1,1,1,-1,-1,1,1,
